,Склад,Местоположение,"Код 
номенклатуры",Краткое наименование,Описание товара,ТГ,"Зарезерви
ровано",Доступно
0,RDiff_825,RDiff_825-1,80055601,Потолочные люстры,"Светильник потолочный CITILUX ""Оскар"" CL127141, венге/хром",25,,-1
1,RDiff_825,RDiff_825-1,80084723,Отд.ст. мыльницы,"G88-40 Мыльница WESS Elegance, белый",20,,2
2,RDiff_825,RDiff_825-1,80088934,Комод от 120 см,"Комод НК-4, дуб Сонома",35,,-1
3,RDiff_825,RDiff_825-1,80089779,Отд.ст. стаканчики,Стакан д/зуб. щёток Duschy Mosaik 361-02,20,,-1
4,RDiff_825,RDiff_825-1,80101284,хранение вещей,"Ящик универс. econova Кристалл 12814 4312815, 34 л",28,,-3
5,RDiff_825,RDiff_825-1,80262522,рулонные шторы готовые,"Рулонная штора ""УЮТ"" ""Плайн"" 7523, 40х175 см, сливочный",21,,-1
6,RDiff_825,RDiff_825-1,80269935,табурет металл,"Стул на раме TUTTI, бежевый (V-18)/хром (chrome)",40,,1
7,RDiff_825,RDiff_825-1,80270833,Потолочные люстры,"Люстра VITALUCE Нимфа, белый/золотой",25,,-1
8,RDiff_825,RDiff_825-1,80273535,быт хим для кухни,"Средство д/мытья посуды и кухонного инвентаря SYNERGETIC, 1 л (конц.)",28,,-15
9,RDiff_825,RDiff_825-1,80273540,быт хим для ван ком,"Средство д/чистки труб SYNERGETIC, 1 л",28,,-15
10,RDiff_825,RDiff_825-1,80273541,быт хим для стир бел,"Отбеливатель д/белья и поверхностей SYNERGETIC, 1 л",28,,-1
11,RDiff_825,RDiff_825-1,80273545,быт хим для дома,"Средство д/мытья пола, стен, поверхностей SYNERGETIC, 1 л",28,,-15
12,RDiff_825,RDiff_825-1,80273555,быт хим для дома,"Средство д/мытья окон, зеркал, мебели, бытовой техники SYNERGETIC, 500 мл",28,,-15
13,RDiff_825,RDiff_825-1,80273566,быт хим для стир бел,"Средство д/стирки белья SYNERGETIC, 1 л",28,,-15
14,RDiff_825,RDiff_825-1,80275442,"Рамки, фоторамки","Фоторамка Gallery 636421-8, 20х30 см, серебряный",23,,-1
15,RDiff_825,RDiff_825-1,80277517,Декор. фигуры настольные,"Статуэтка ""Женщина"" в позе лотоса C6128, H28 см, чёрный",27,,-1
16,RDiff_825,RDiff_825-1,80279692,Часы,"Часы настенные 6501, D30,2 см, белый",23,,-10
17,RDiff_825,RDiff_825-1,80291324,банки для хранения,"Ёмкость д/сыпучих продуктов phibo 12553 4312553, 2,3 л, жёлтый",22,,-1
18,RDiff_825,RDiff_825-1,80296465,"Покрывала 1,5 спальные","Покрывало MITTE Linie RG-HOFF RIBB, 150х180 см, бежевый",11,,-6
19,RDiff_825,RDiff_825-1,80296476,Зеркала для ван. косметич.,"Зеркало косметическое двустороннее MITTE Star MB136 (ST), D12 см, белый",20,,1
20,RDiff_825,RDiff_825-1,80297420,рулонные шторы готовые,"Рулонная штора ""УЮТ"" ""Плайн"" 7518, 40х175 см, молочный шоколад",21,,-1
21,RDiff_825,RDiff_825-1,80302056,Канвасы,"Репродукция ""Бульдог в свитере"" DOPDM14554B, 40х40 см",23,,-2
22,RDiff_825,RDiff_825-1,80302485,кухонные полотенца,"Кух. вафельное полотенце Belezza ""Элиза"" 6120356, 40х60 см, зелёное яблоко (061)",22,,3
23,RDiff_825,RDiff_825-1,80302705,137 кружки,"Кружка MAXWELL & WILLIAMS ""Оттенки"" MW475-DI0011, 440 мл, голубой",22,,-1
24,RDiff_825,RDiff_825-1,80304394,бумажная продукция,"Влажные салфетки AURA beauty Sport Lifestyle 7794, 15 шт.",28,,-2
25,RDiff_825,RDiff_825-1,80306748,137 заварочные чайники,"Заварочный чайник Wilmax ENGLAND WL-994000/1C, 1,15 л, белый",22,,-3
26,RDiff_825,RDiff_825-1,80307672,вешалки металл,"Вешалка д/брюк MITTE Rainbow TS004, 30 см",28,,-1
27,RDiff_825,RDiff_825-1,80309495,Компьютерный стол,"Стол Уно МСТ-СДУ-01-БТ-16, белый",39,,-1
28,RDiff_825,RDiff_825-1,80309530,Сетевые удлинители,"Сетевой фильтр ЭРА USF-5es-1.5m-B, с/з, 1,5 м, 5 розеток, 220В/10А",25,,-3
29,RDiff_825,RDiff_825-1,80309576,классика европа,"Ковёр Ragolle Genova 38066 6565 61, D160 см, кремовый",24,,-1
30,RDiff_825,RDiff_825-1,80309625,Навес. ерши,"Туалетный ёрш настенный Fora BRASS BR020, хром/белый",20,,-4
31,RDiff_825,RDiff_825-1,80309777,Шторы готовые,"Штора ESTUDI BLANCO Amorette С 1467 - X537294V3, тёмно-серый, полосы, 200х260 см, вельвет, лента",21,,-4
32,RDiff_825,RDiff_825-1,80310003,быт хим для ван ком,"Жидкое мыло д/рук и тела SYNERGETIC ""Аромамагия"", 500 мл",28,,-25
33,RDiff_825,RDiff_825-1,80310160,Подушки на стул 228,"Подушка-сидушка с тафтингом Linen Way 4797, 40х6х35 см, серый/листья",11,,2
34,RDiff_825,RDiff_825-1,80310164,Подушки на стул 228,"Подушка-галета с тафтингом Linen Way 4801, 40х40 см, серый/листья",11,,-1
35,RDiff_825,RDiff_825-1,80311121,быт хим для стир бел,"Кондиционер д/белья SYNERGETIC ""Райский сад"", 1 л",28,,-15
36,RDiff_825,RDiff_825-1,80311122,быт хим для стир бел,"Кондиционер д/белья SYNERGETIC ""Цитрусовая фантазия"", 1 л",28,,-15
37,RDiff_825,RDiff_825-1,80316790,швабры и акс для швабр,"Швабра со сменной двусторонней насадкой с телескопической ручкой MITTE ULTRA BC8204, бирюзовый",28,,-2
38,RDiff_825,RDiff_825-1,80318705,КПБ 2 спальные,"КПБ 2 сп. ESTUDI BLANCO HY-3001-2 (нав.50х70см-2шт., 70х70см-2шт.), песочный",11,,-2
39,RDiff_825,RDiff_825-1,80318707,КПБ семейные,"КПБ Семейный ESTUDI BLANCO HY-3001-4 (нав.50х70см-2шт., 70х70см-2шт.), песочный",11,,-3
40,RDiff_825,RDiff_825-1,80318716,КПБ семейные,"КПБ Семейный ESTUDI BLANCO HY-3004-4 (нав.50х70см-2шт., 70х70см-2шт.), золотой",11,,-1
41,RDiff_825,RDiff_825-1,80319078,Часы,"Часы настенные 79811, D60 см, белый",23,,-1
42,RDiff_825,RDiff_825-1,80319434,Зеркала напольные,"Зеркало напольное в раме 1899-61090(SQ), 45,1х150,1 см, серебряный",23,,-7
43,RDiff_825,RDiff_825-1,80321621,Подушки на стул 228,"Подушка-галета с завязками 23rd Avenue 4857, 40х2,5х40 см, тёмно-серый",11,,-4
44,RDiff_825,RDiff_825-1,80321907,Потолочные LED люстры,"Светильник потолочный CITILUX ""Дюна"" CL72080RC, белый",25,,-1
45,RDiff_825,RDiff_825-1,80321917,Потолочные LED люстры,"Светильник потолочный CITILUX Альпина CL718K60RGB, белый",25,,-1
46,RDiff_825,RDiff_825-1,80323039,Мультирамки..,"Мультирамка на 8 фото BB02-1124063, античный зелёный",23,,-9
47,RDiff_825,RDiff_825-1,80323255,отдельные предметы,"Стакан д/сока Pasabahce ""Стамбул"" 42403, 180 мл",22,,7
48,RDiff_825,RDiff_825-1,80323639,Топперы,"Матрас для дивана MILDEX Aurora, 120х200 см",34,,-1
49,RDiff_825,RDiff_825-1,80323775,кухонные процессоры,"Тёрка 4-гранная MITTE Grazia FG0415-9S, H23 см",22,,-2
50,RDiff_825,RDiff_825-1,80323910,аксесс для уб в доме,"Набор салфеток универс. MITTE HV383A, 30х60 см, 10 шт., красный/белый",28,,1
51,RDiff_825,RDiff_825-1,80325078,хранение вещей,"Кофр д/хранения вещей с крышкой MITTE HW2441(ST)-ZH2513, 38х25х25 см, серый",28,,-13
52,RDiff_825,RDiff_825-1,80325199,табурет металл,"Табурет Фабрик 5 ТФ03 ТФ05/С, серый",40,,-1
53,RDiff_825,RDiff_825-1,80325849,Тумба для обуви 089,"Шкаф обувной 2-секционный Люкс, серебряный/белый",38,,-15
54,RDiff_825,RDiff_825-1,80327206,"Рамки, фоторамки","Фоторамка Katie 3599-S164, 13х18 см, серебряный",23,,-11
55,RDiff_825,RDiff_825-1,80327325,Потолочные LED люстры,"Светильник потолочный CITILUX Альпина CL718K80RGB, белый",25,,-1
56,RDiff_825,RDiff_825-1,80327514,Часы,"Часы настенные Михаил Москвин 20П1.18, D28 см, белый",23,,1
57,RDiff_825,RDiff_825-1,80327549,косметические средства,"Ополаскиватель д/полости рта SPLAT PROFESSIONAL BIOCALCIUM, 275 мл",28,,-11
58,RDiff_825,RDiff_825-1,80329763,"Пледы дорожные, диванные","Плед MITTE Reise PPLAIN, 120х160 см, красный",11,,-4
59,RDiff_825,RDiff_825-1,80329810,Батарейки,"Батарейки ТРОФИ ECO LR03-2BL, 2 шт.",25,,-1
60,RDiff_825,RDiff_825-1,80329812,Батарейки,"Батарейки ТРОФИ ECO LR6-2BL, 2 шт.",25,,10
61,RDiff_825,RDiff_825-1,80329821,Свечи базовые,"Свеча bolsius 103610036705, D7 см, слоновая кость, шар",27,,-4
62,RDiff_825,RDiff_825-1,80330530,бак для мусора металл,"Бак д/мусора с крышкой BERKRAFT Optima 903979CE, 12 л, тёмно-серый",28,,-2
63,RDiff_825,RDiff_825-1,80330531,бак для мусора металл,"Бак д/мусора с крышкой BERKRAFT Optima 903979CE, 12 л, белый",28,,-2
64,RDiff_825,RDiff_825-1,80330788,вешалки деревянные,"Набор вешалок д/одежды BERKRAFT Nature WHM66118-G, 44,5 см, 3 шт., белый",28,,-31
65,RDiff_825,RDiff_825-1,80330829,вешалки пластиковые,"Набор вешалок д/одежды MITTE Velvet PHA6611610, 45 см, 10 шт., серый (536C)",28,,-4
66,RDiff_825,RDiff_825-1,80333450,аксесс для уб в доме,"Набор тряпок универс. HOMEFIELD GP-017-5, 35x35 см, 5 шт., голубой (SA08)/зелёный (SA40)/жёлтый (SA325)/розовый (SA332)",28,,-4
67,RDiff_825,RDiff_825-1,80333453,Часы,"Часы настенные 79787, D30,6 см, тёмно-синий",23,,-1
68,RDiff_825,RDiff_825-1,80334979,наборы ножей,"Набор ножей на подставке BERKRAFT Malta 7709, 5 шт., серый",22,,-7
69,RDiff_825,RDiff_825-1,80335968,Потолочные люстры,"Светильник потолочный ARTE LAMP INNOCENTE A6059PL-6AB, античная бронза/белый",25,,-2
70,RDiff_825,RDiff_825-1,80336066,"корзина, ящик для белья","Корзинка Plast team SEOUL PT1323ТГ, 16,5 л, туманно-голубой",28,,-2
71,RDiff_825,RDiff_825-1,80336854,посуда одноразовая,"Салфетки трёхслойные Bouquet de Luxe Застолье, 24х24 см, 25 шт.",22,,-1
72,RDiff_825,RDiff_825-1,80337545,табурет металл,"Табурет ТП01 ТП02/Б, белый",40,,1
73,RDiff_825,RDiff_825-1,80338072,быт хим для стир бел,"Гель д/стирки цветного белья Jundo Color, 1 л (концентрат)",28,,-1
74,RDiff_825,RDiff_825-1,80339754,контейнеры,"Контейнер ELEY ELEC6000L, 370 мл, голубой",22,,-1
75,RDiff_825,RDiff_825-1,80340523,Потолочные люстры,"Светильник потолочный ARTE LAMP CRISTY A5028PL-5WH, белый",25,,-1
76,RDiff_825,RDiff_825-1,80341348,косметические средства,"Ополаскиватель д/полости рта biomed VITAFRESH, 500 мл (комплексный)",28,,-9
77,RDiff_825,RDiff_825-1,80341662,аксесс для уб в доме,"Ведро с ободком, 10 л, в асс.",28,,-1
78,RDiff_825,RDiff_825-1,80344016,Коврики для ванной комнаты,"Коврик д/ван. комнаты MICASA Marble XL26133, 50x90 см, серый мрамор",20,,-3
79,RDiff_825,RDiff_825-1,80344502,Потолочные люстры,"Люстра CITILUX Астро CL125142, хром матовый/белый",25,,1
80,RDiff_825,RDiff_825-1,80344505,Стеллажи,"Этажерка 4-ярусная BERKRAFT DC-44M, белый",20,,1
81,RDiff_825,RDiff_825-1,80344525,Отд.ст. прочие декор. изд.,"Туалетный ёрш в подставке Sydney A9151, белый",20,,-6
82,RDiff_825,RDiff_825-1,80344526,Отд.ст. прочие декор. изд.,"Туалетный ёрш в подставке Sydney A9151, чёрный",20,,-2
83,RDiff_825,RDiff_825-1,80345363,Потолочные люстры,"Люстра CITILUX Кристи CL152130, белый/хром",25,,-1
84,RDiff_825,RDiff_825-1,80346360,хранение вещей,Короб д/хранения HAPPI DOME GENTLE HHSS-4020-01,28,,-3
85,RDiff_825,RDiff_825-1,80346374,бак для мусора пластик,"Бак д/мусора со съёмным ободком HAPPI DOME HDB-035-16, 16 л, чёрный/серый",28,,-6
86,RDiff_825,RDiff_825-1,80346378,бак для мусора пластик,"Бак д/мусора с ручками и со съёмным ободком с крышкой HAPPI DOME HDB-037-14, 14 л, бежевый/серый",28,,-3
87,RDiff_825,RDiff_825-1,80347377,Бра,"Бра Natali Kovaltseva 81017/1W, белый",25,,-3
88,RDiff_825,RDiff_825-1,80348253,Свечи базовые,"Свеча HOFF 1381900124, D4 см, H8 см, слоновая кость, цилиндр",27,,-4
89,RDiff_825,RDiff_825-1,80349526,"Пол-нца подароч., сувенир.","Набор полотенец MITTE Halver, 30x50 см, 6 шт., тёмно-синий/белый",11,,-1
90,RDiff_825,RDiff_825-1,80349685,Потолочные LED люстры,"Светильник потолочный CITILUX Триест Смарт CL737A080E, белый/белый матовый",25,,-1
91,RDiff_825,RDiff_825-1,80352536,Подвесные LED люстры,"Светильник потолочный Natali Kovaltseva INNOVATION STYLE 83010, золотой",25,,-1
92,RDiff_825,RDiff_825-1,80354061,сушилка для белья,"Сушилка д/белья напольная MITTE Star DC-100AP, 18 м, голубой/белый",28,,-13
93,RDiff_825,RDiff_825-1,80354965,тапки домашние,"Пантолеты детские LUCKY LAND 3320K-CH-O, 32, в асс.",11,,-1
94,RDiff_825,RDiff_825-1,80356238,аксесс для уб в доме,"Набор д/уборки MITTE SIMPLE 20HDL0428-03, 2 предм., белый/зелёный",28,,-1
95,RDiff_825,RDiff_825-1,80356242,бытовые мелочи,"Ложка д/обуви HOFF 20HDL0218-05, чёрный",28,,-2
96,RDiff_825,RDiff_825-1,80356514,стул ткань,"Стул Пальна, бирюзовый (Тори 53)/чёрный",40,,-1
97,RDiff_825,RDiff_825-1,80358755,аксесс для уб в доме,"Губки д/посуды Perfect house Intensive, 4 шт., чёрный/бежевый",28,,10
98,RDiff_825,RDiff_825-1,80358915,Стеллажи,"Этажерка 4-ярусная 82888-001, белый",20,,-4
99,RDiff_825,RDiff_825-1,80359591,быт хим для кухни,"Таблетки д/посудомоечных машин SYNERGETIC, 25 шт.",28,,-2
100,RDiff_825,RDiff_825-1,80359720,Отд.ст. прочие декор. изд.,"Набор органайзеров BEROSSI Korely АС 69333000, 3 шт., слоновая кость",20,,-6
101,RDiff_825,RDiff_825-1,80360562,карниз метал в наборе,"Карниз двухрядный телескопический MICASA Конус Скан 19.98.650-2, D16(19) мм, 120-210 см, античная латунь",21,,-1
102,RDiff_825,RDiff_825-1,80360708,быт хим для ван ком,"Жидкое мыло SYNERGETIC Антизапах, лемонграсс и мята, 500 мл (антибакт., биоразлагаемое)",28,,-14
103,RDiff_825,RDiff_825-1,80361163,быт хим для ван ком,"Жидкое мыло-пенка GRASS Milana сливочно-лимонный десерт 125332, 500 мл",28,,-9
104,RDiff_825,RDiff_825-1,80362464,Отд.ст. диспенсеры,"Дозатор д/жидк. мыла Sydney A9143, чёрный",20,,-4
105,RDiff_825,RDiff_825-1,80362470,Отд.ст. диспенсеры,"Дозатор д/жидк. мыла Jazz A6003-2, серебряный",20,,-8
106,RDiff_825,RDiff_825-1,80362513,Подвесные люстры,"Люстра VITALUCE Пилар, светлая медь",25,,-1
107,RDiff_825,RDiff_825-1,80362541,вешалки металл,"Вешалка д/одежды с зажимами MITTE Rainbow MHS215, серый (18-1210TPX)",28,,-4
108,RDiff_825,RDiff_825-1,80362545,вешалки металл,"Набор вешалок д/брюк и юбок с зажимами MITTE Rainbow MHB103-40CM, 3 шт., светло-серый (11-1001TPX)",28,,4
109,RDiff_825,RDiff_825-1,80364535,КПБ евро,"КПБ Евро MICASA Demi 20091483 (нав. 50х70 см - 2 шт.), тёмно-зелёный/бежевый",11,,11
110,RDiff_825,RDiff_825-1,80364564,КПБ семейные,"КПБ Семейный MICASA Jose 20091512 (нав. 50х70 см - 2 шт.), тёмно-серый/жёлтый",11,,-1
111,RDiff_825,RDiff_825-1,80369545,Потолочные люстры,"Люстра CITILUX Монтана CL117165, чёрный/бронзовый/шампань",25,,1
112,RDiff_825,RDiff_825-1,80370867,Потолочные LED люстры,"Светильник потолочный CITILUX Триест Смарт CL737A100E, белый",25,,-1
113,RDiff_825,RDiff_825-1,80373460,Проч. товары для здоровья,"Соль д/ванны ECOtherapy Spa-серия Таиланд, 100 г",20,,-3
114,RDiff_825,RDiff_825-1,80374249,бак для мусора металл,"Бак д/мусора с крышкой BERKRAFT Optima M65-40L, 40 л",28,,-2
115,RDiff_825,RDiff_825-1,80379348,Бельевые корзины,"Корзина д/белья с крышкой TONY BASKET Овечка с цветком JM20-6TKL, белый/бежевый",27,,-1
116,RDiff_825,RDiff_825-1,80379349,Бельевые корзины,"Корзина TONY BASKET Овечка с цветком JM20-6TKD, белый/бежевый",27,,-1
117,RDiff_825,RDiff_825-1,80379350,Стеллажные корзины,"Корзина TONY BASKET Овечка с цветком JM20-6TKE, белый/бежевый",27,,-1
118,RDiff_825,RDiff_825-1,80379351,Стеллажные корзины,"Корзина TONY BASKET Овечка с цветком JM20-6TKC, белый/бежевый",27,,-1
119,RDiff_825,RDiff_825-1,80379357,Бельевые корзины,"Корзина д/белья с крышкой TONY BASKET Милый мишка JM20-8RDL, серый/белый",27,,-1
120,RDiff_825,RDiff_825-1,80379358,Бельевые корзины,"Корзина д/белья с крышкой TONY BASKET Милый мишка JM20-8RDM, серый/белый",27,,-1
121,RDiff_825,RDiff_825-1,80379359,Бельевые корзины,"Корзина с крышкой TONY BASKET Милый мишка JM20-8RDS, серый/белый",27,,-1
122,RDiff_825,RDiff_825-1,80379360,Стеллажные корзины,"Корзина с крышкой TONY BASKET Милый мишка JM20-8RDXS, серый/белый",27,,-1
123,RDiff_825,RDiff_825-1,80380811,вешалки металл,"Набор вешалок д/одежды MITTE Satin ESBB004, 38,5 см, 3 шт., розовый/бежевый/зелёный",28,,-39
124,RDiff_825,RDiff_825-1,80380932,Пуф 082,"Пуф DreamBag Киото 13536, серый",35,,-1
125,RDiff_825,RDiff_825-1,80382312,Цветы искусств в горшках,"Иск.  растение в цементном горшке Суккулент HA327221GN, H13 см, зелёный",27,,-2
126,RDiff_825,RDiff_825-1,80382421,стул ткань,"Стул Пегас Т1 Б-502, бежевый (108)/слоновая кость",40,,2
127,RDiff_825,RDiff_825-1,80382462,Отд.ст. мыльницы,"Мыльница Bamboo 84065-001, чёрный",20,,-6
128,RDiff_825,RDiff_825-1,80383027,стул ткань,"Стул Родос 2 N-222.01, бежевый (108)/орех тёмный",40,,2
129,RDiff_825,RDiff_825-1,80383512,Подвесные люстры,"Светильник подвесной CITILUX Томми CL102010, хром/дымчатый",25,,-2
130,RDiff_825,RDiff_825-1,80383546,Потолочные LED люстры,"Люстра CITILUX Сезар Смарт CL233A150E, белый",25,,-2
131,RDiff_825,RDiff_825-1,80384437,Подушки декоративные,"Декор. подушка Illusion 5010850, 35x35 см, в асс.",11,,14
132,RDiff_825,RDiff_825-1,80387455,Тумба для обуви 083,"Тумба для обуви Уно-53 МСТ-УОД-53-БТ-16, белый",38,,-1
133,RDiff_825,RDiff_825-1,80388302,Шторки для ванной,"Штора д/ван. комнаты MITTE Mosaic ZHYSJ-3, 180х180 см, серый/белый",20,,8
134,RDiff_825,RDiff_825-1,80392390,Полотенца банные,"Полотенце махровое MICASA Nieve, 70х140 см, белый",11,,-4
135,RDiff_825,RDiff_825-1,80394024,Покрывала 2 спальные,"Покрывало MITTE Farbe 519165/16, 170х200 см, лиловый/коричневый",11,,-3
136,RDiff_825,RDiff_825-1,80398970,Вазы настольные,"Ваза ZSC1890-13.5-0425, H35 см, жемчужный",27,,-1
137,RDiff_825,RDiff_825-1,80398971,Вазы настольные,"Ваза ZSC1890-22-0425, H55 см, жемчужный",27,,-1
138,RDiff_825,RDiff_825-1,80399334,Потолочные LED люстры,"Светильник потолочный CITILUX Спутник CL734480G, белый",25,,-1
139,RDiff_825,RDiff_825-1,80401526,быт хим для ван ком,"Чистящий гель д/ванны и туалета GRASS Gloss amber 125545, 750 мл, манго",28,,-3
140,RDiff_825,RDiff_825-1,80403086,быт хим для дома,"Ароматизатор д/автомобиля JEFF JJEFFC01RE/JJEFFC01SUV01, 0,03 кг, сандал и ладан",28,,4
141,RDiff_825,RDiff_825-1,80403477,Вазы настольные,"Ваза YZ04809BL-2, H39 см, чёрный",27,,-1
142,RDiff_825,RDiff_825-1,80403478,Вазы настольные,"Ваза YZ04809BL-3, H29,5 см, чёрный",27,,-1
143,RDiff_825,RDiff_825-1,80403490,бак для мусора пластик,"Контейнер д/мусора HOMEFIELD G2610, 10 л, светло-серый (Touch Bin)",28,,-1
144,RDiff_825,RDiff_825-1,80403499,бак для мусора пластик,"Ведро д/мусора HOMEFIELD G3000, 10 л, светло-серый",28,,-1
145,RDiff_825,RDiff_825-1,80403500,бак для мусора пластик,"Ведро д/мусора HOMEFIELD G3010, 12 л, светло-серый",28,,-6
146,RDiff_825,RDiff_825-1,80403580,аксесс для уб в доме,"Чистящая губка с ручкой MITTE Clean 21HDL0301-07, серый",28,,7
147,RDiff_825,RDiff_825-1,80404003,Стеллажные корзины,"Корзина TONY BASKET DQ21-057DL, серый/бежевый/розовый",27,,-2
148,RDiff_825,RDiff_825-1,80404263,бытовые мелочи,"Ложка д/обуви MITTE 21HDL042-03, 72 см, чёрный",28,,-41
149,RDiff_825,RDiff_825-1,80406016,аксесс для уб в доме,"Щётка д/мытья посуды MITTE PERFECT CLEAN BC0305, серый",28,,-8
150,RDiff_825,RDiff_825-1,80411919,Потолочные люстры,"Люстра CITILUX Сюзи CL171153, хром/белый",25,,-2
151,RDiff_825,RDiff_825-1,80412415,однотон,"Ковёр KAPLANSER CARPET SUPER PAULA 5121A FDJ77, 160х230 см, тёмно-серый",24,,-1
152,RDiff_825,RDiff_825-1,80412826,Бра,"Люстра Natali Kovaltseva LED LAMPS 81113, белый",25,,-3
153,RDiff_825,RDiff_825-1,80416605,Стеллажные корзины,"Корзина 2048-NN L, синий/бежевый",27,,-1
154,RDiff_825,RDiff_825-1,80416607,Стеллажные корзины,"Корзина 2048-NN S, синий/бежевый",27,,-4
155,RDiff_825,RDiff_825-1,80416978,Полотенца для рук,"Полотенце махровое MITTE Quadrat 6151322, 50х90 см, тёмно-серый (099)",11,,9
156,RDiff_825,RDiff_825-1,80418861,аксессуары для выпечки,"Прихватка fissman 17706, 15х10,5х10,5 см",22,,-1
157,RDiff_825,RDiff_825-1,80419939,Шкаф для одежды,"Шкаф Коста, серый крафт",33,,1
158,RDiff_825,RDiff_825-1,80420288,вешалки металл,"Набор вешалок для одежды MITTE Rainbow MHS2668, 40 см, 8 шт., светло-жёлтый (12-0720 TPG)",28,,-12
159,RDiff_825,RDiff_825-1,80420291,вешалки пластиковые,"Набор вешалок для одежды MITTE Velvet PHA6611610, 45 см, 10 шт., пурпурный (15-3520 TPG)",28,,-12
160,RDiff_825,RDiff_825-1,80420837,тарелки обеденные (21-28),"Тарелка обеденная WALMER RIVERSIDE W37000815, 21х21 см, белый",22,,5
161,RDiff_825,RDiff_825-1,80422314,хранение вещей,"Набор кофров для нижнего белья MICASA Floral ESCY2201, 33х9х33 см, 2 шт., розовый/зелёный/жёлтый",28,,-1
162,RDiff_825,RDiff_825-1,80422538,Картины,"Репродукция в раме Так и должно быть GRGO 20013, 57х107х1,5 см, белый с серебром (45-А355)",23,,-1
163,RDiff_825,RDiff_825-1,80422712,Картины,"Репродукция в раме Весенний привет 1 GRMY 16062, 47х57х1,5 см, белый с серебром (45-A355)",23,,-1
164,RDiff_825,RDiff_825-1,80425687,"Рамки, фоторамки","Фоторамка Luke 75631, 10x15 см, чёрный",23,,-1
165,RDiff_825,RDiff_825-1,80427193,Бельевые корзины,"Корзина для белья с крышкой TONY BASKET TB21-31AL, серый матовый/белый/чёрный/голубой",27,,-2
166,RDiff_825,RDiff_825-1,80427194,Бельевые корзины,"Корзина для белья с крышкой TONY BASKET TB21-31AS, серый матовый/белый/чёрный/голубой",27,,-2
167,RDiff_825,RDiff_825-1,80427195,Стеллажные корзины,"Корзина TONY BASKET TB21-31BL, серый матовый/белый/чёрный/голубой",27,,-2
168,RDiff_825,RDiff_825-1,80427200,Бельевые корзины,"Корзина для белья с крышкой TONY BASKET TB21-41RDL, белый матовый/белый/розовый/сиреневый",27,,-2
169,RDiff_825,RDiff_825-1,80427201,Бельевые корзины,"Корзина для белья с крышкой TONY BASKET TB21-41RDM, белый матовый/белый/розовый/сиреневый",27,,-2
170,RDiff_825,RDiff_825-1,80427202,Стеллажные корзины,"Корзина для белья с крышкой TONY BASKET TB21-41RDS, белый матовый/белый/розовый/сиреневый",27,,-2
171,RDiff_825,RDiff_825-1,80427207,Бельевые корзины,"Корзина для белья с крышкой TONY BASKET TB21-51RDL, медовый/белый/жёлтый/зелёный",27,,-2
172,RDiff_825,RDiff_825-1,80427208,Бельевые корзины,"Корзина для белья с крышкой TONY BASKET TB21-51RDM, медовый/белый/жёлтый/зелёный",27,,-2
173,RDiff_825,RDiff_825-1,80427209,Стеллажные корзины,"Корзина для белья с крышкой TONY BASKET TB21-51RDS, медовый/белый/жёлтый/зелёный",27,,-2
174,RDiff_825,RDiff_825-1,80427214,Бельевые корзины,"Корзина для белья с крышкой TONY BASKET TB21-71RDL, светло-серый/белый/жёлтый/серый",27,,-2
175,RDiff_825,RDiff_825-1,80427215,Бельевые корзины,"Корзина для белья с крышкой TONY BASKET TB21-71RDM, светло-серый/белый/жёлтый/серый",27,,-2
176,RDiff_825,RDiff_825-1,80427216,Стеллажные корзины,"Корзина для белья с крышкой TONY BASKET TB21-71RDS, светло-серый/белый/жёлтый/серый",27,,-2
177,RDiff_825,RDiff_825-1,80427767,Зеркала настенные,"Зеркало настенное с фацетом Прямоугольник В033, 50х160 см",23,,1
178,RDiff_825,RDiff_825-1,80429668,КПБ семейные,"КПБ Семейный MICASA Remigio 502104/28 (нав. 50х70 см - 2 шт.), бежевый/белый",11,,-1
179,RDiff_825,RDiff_825-1,80429805,Лампочки светодиодные,"Лампа светодиодная gauss Elementary 53236 (6W, E27, шар, холодный)",25,,-40
180,RDiff_825,RDiff_825-1,80431154,"Одеяла 1,5 спальные","Одеяло 1,5 сп. MITTE  Бамбук 26м-362, 140х205 см",11,,5
181,RDiff_825,RDiff_825-1,80431165,Подушки 50х70,"Подушка MICASA Vegetal 86Б-522-002, 50х70 см",11,,-1
182,RDiff_825,RDiff_825-1,80431712,Потолочные люстры,"Люстра j-LIGHT Umi 3131/5C, бронза/шампань",25,,-1
183,RDiff_825,RDiff_825-1,80435097,Лампочки светодиодные,"Лампа светодиодная gauss Filament Rainbow 1007802103 (5W, E27, шар, тёплый)",25,,-1
184,RDiff_825,RDiff_825-1,80437872,Подвесные люстры,"Светильник потолочный 3526/1, белый",25,,-1
185,RDiff_825,RDiff_825-1,80441848,хранение вещей,"Ящик универсальный для хранения вещей с крышкой econova NORTMANN S 434237717, 22 л, синий",28,,-4
186,RDiff_825,RDiff_825-1,80447575,аксесс для уб в доме,"Тряпка в рулоне VASH GOLD Superтряпка, 22,3х18 см, 150 шт., белый",28,,-12
187,RDiff_825,RDiff_825-1,80447782,тарелки десертные (18-20),"Тарелка Pasabahce ЛИНДЕН 10651СЛ1, 20,2х3,5х20,2 см",22,,-2
188,RDiff_825,RDiff_825-1,80453762,Подушки 50х70,"Подушка IMPRESS Лебяжий пух ПХЛФБС-57, 50х70 см",11,,-4
189,RDiff_825,RDiff_825-1,80454440,Потолочные LED люстры,"Люстра CITILUX Сента CL237B160E, белый",25,,-2
190,RDiff_825,RDiff_825-1,80454443,Подвесные люстры,"Люстра CITILUX Инга CL335161, хром",25,,-1
